Ticker,Name,Series Type,Currency,Country,Sector,Industry,Sic,Exchange,Cik,Fiscal_End,Units,Scale,Flow,Adjustment,Periodicity,Metadata,Corporate_History,Data Notes
TDGMDEUM,Germany Imports of Goods,Exports and Imports,United States Dollar,Germany,,,,,,,National Currency,Millions,Monthly,SA,Annual From Dec 1880 To Dec 1956<BR>Monthly From Jan 1957 To Jan 2021<BR>,Source: World Bank,,Split adjusted.
Date,Ticker,Open,High,Low,Close
12/31/1880,TDGMDEUM,,,,666.3509354
12/31/1881,TDGMDEUM,,,,703.4793967
12/31/1882,TDGMDEUM,,,,739.4240176
12/31/1883,TDGMDEUM,,,,767.2335763
12/31/1884,TDGMDEUM,,,,768.5548035
12/31/1885,TDGMDEUM,,,,698.0131818
12/31/1886,TDGMDEUM,,,,682.2875864
12/31/1887,TDGMDEUM,,,,739.9385963
12/31/1888,TDGMDEUM,,,,779.4230401
12/31/1889,TDGMDEUM,,,,955.5656044
12/31/1890,TDGMDEUM,,,,989.3035417
12/31/1891,TDGMDEUM,,,,987.9334555
12/31/1892,TDGMDEUM,,,,961.9998081
12/31/1893,TDGMDEUM,,,,948.096389
12/31/1894,TDGMDEUM,,,,943.3104405
12/31/1895,TDGMDEUM,,,,979.9210163
12/31/1896,TDGMDEUM,,,,1028.930457
12/31/1897,TDGMDEUM,,,,1116.8905538
12/31/1898,TDGMDEUM,,,,1203.5280728
12/31/1899,TDGMDEUM,,,,1297.9946778
12/31/1900,TDGMDEUM,,,,1373.3098457
12/31/1901,TDGMDEUM,,,,1295.5262403
12/31/1902,TDGMDEUM,,,,1344.4916671
12/31/1903,TDGMDEUM,,,,1424.0303641
12/31/1904,TDGMDEUM,,,,1520.5322102
12/31/1905,TDGMDEUM,,,,1703.7904498
12/31/1906,TDGMDEUM,,,,1902.7850263
12/31/1907,TDGMDEUM,,,,2080.5081722
12/31/1908,TDGMDEUM,,,,1825.8279724
12/31/1909,TDGMDEUM,,,,2034.1451767
12/31/1910,TDGMDEUM,,,,2124.3128763
12/31/1911,TDGMDEUM,,,,2306.6295052
12/31/1912,TDGMDEUM,,,,2540.8236134
12/31/1913,TDGMDEUM,,,,2553.2571781
12/31/1920,TDGMDEUM,,,,933.0990097
12/31/1921,TDGMDEUM,,,,1361.2938466
12/31/1922,TDGMDEUM,,,,1496.4257724
12/31/1923,TDGMDEUM,,,,1460.5647517
12/31/1924,TDGMDEUM,,,,2173.4577304
12/31/1925,TDGMDEUM,,,,2958.9334603
12/31/1926,TDGMDEUM,,,,2375.7852656
12/31/1927,TDGMDEUM,,,,3371.8763438
12/31/1928,TDGMDEUM,,,,3320.0667302
12/31/1929,TDGMDEUM,,,,3198.5346933
12/31/1930,TDGMDEUM,,,,2467.2197587
12/31/1931,TDGMDEUM,,,,1585.6106951
12/31/1932,TDGMDEUM,,,,1106.9610315
12/31/1933,TDGMDEUM,,,,1567.2588832
12/31/1934,TDGMDEUM,,,,1799.2799644
12/31/1935,TDGMDEUM,,,,1681.3658063
12/31/1936,TDGMDEUM,,,,1720.2376109
12/31/1937,TDGMDEUM,,,,2218.0511827
12/31/1938,TDGMDEUM,,,,2202.6841297
12/31/1939,TDGMDEUM,,,,2089.4025119
12/31/1940,TDGMDEUM,,,,2010.6711598
12/31/1941,TDGMDEUM,,,,2774.7726089
12/31/1942,TDGMDEUM,,,,3486.8605817
12/31/1943,TDGMDEUM,,,,3320.4664254
12/31/1948,TDGMDEUM,,,,950.1501502
12/31/1949,TDGMDEUM,,,,2201.2012012
12/31/1950,TDGMDEUM,,,,2714.2857143
12/31/1951,TDGMDEUM,,,,3500
12/31/1952,TDGMDEUM,,,,3857.1428571
12/31/1953,TDGMDEUM,,,,3809.5238095
12/31/1954,TDGMDEUM,,,,4617.2248804
12/31/1955,TDGMDEUM,,,,5833.3333333
12/31/1956,TDGMDEUM,,,,6666.6666667
12/31/1957,TDGMDEUM,,,,7591.429
01/31/1958,TDGMDEUM,,,,7648.334
02/28/1958,TDGMDEUM,,,,7663.81
03/31/1958,TDGMDEUM,,,,7658.095
04/30/1958,TDGMDEUM,,,,7646.666
05/31/1958,TDGMDEUM,,,,7595.475
06/30/1958,TDGMDEUM,,,,7605.237
07/31/1958,TDGMDEUM,,,,7612.618
08/31/1958,TDGMDEUM,,,,7577.856
09/30/1958,TDGMDEUM,,,,7602.618
10/31/1958,TDGMDEUM,,,,7574.999
11/30/1958,TDGMDEUM,,,,7591.904
12/31/1958,TDGMDEUM,,,,7629.999
01/31/1959,TDGMDEUM,,,,7587.141
02/28/1959,TDGMDEUM,,,,7585.474
03/31/1959,TDGMDEUM,,,,7575.713
04/30/1959,TDGMDEUM,,,,7690.475
05/31/1959,TDGMDEUM,,,,7797.38
06/30/1959,TDGMDEUM,,,,7877.618
07/31/1959,TDGMDEUM,,,,7935.952
08/31/1959,TDGMDEUM,,,,8060.714
09/30/1959,TDGMDEUM,,,,8146.19
10/31/1959,TDGMDEUM,,,,8251.904
11/30/1959,TDGMDEUM,,,,8312.38
12/31/1959,TDGMDEUM,,,,8529.523
01/31/1960,TDGMDEUM,,,,8650
02/29/1960,TDGMDEUM,,,,8837.619
03/31/1960,TDGMDEUM,,,,9083.809
04/30/1960,TDGMDEUM,,,,9193.571
05/31/1960,TDGMDEUM,,,,9352.619
06/30/1960,TDGMDEUM,,,,9528.809
07/31/1960,TDGMDEUM,,,,9679.047
08/31/1960,TDGMDEUM,,,,9767.38
09/30/1960,TDGMDEUM,,,,9835.714
10/31/1960,TDGMDEUM,,,,9959.048
11/30/1960,TDGMDEUM,,,,10092.381
12/31/1960,TDGMDEUM,,,,10172.145
01/31/1961,TDGMDEUM,,,,10259.764
02/28/1961,TDGMDEUM,,,,10242.383
03/31/1961,TDGMDEUM,,,,10283.014
04/30/1961,TDGMDEUM,,,,10378.121
05/31/1961,TDGMDEUM,,,,10458.323
06/30/1961,TDGMDEUM,,,,10528.883
07/31/1961,TDGMDEUM,,,,10589.99
08/31/1961,TDGMDEUM,,,,10656.8
09/30/1961,TDGMDEUM,,,,10772.014
10/31/1961,TDGMDEUM,,,,10872.954
11/30/1961,TDGMDEUM,,,,10955.014
12/31/1961,TDGMDEUM,,,,11011.274
01/31/1962,TDGMDEUM,,,,11131.226
02/28/1962,TDGMDEUM,,,,11384.75
03/31/1962,TDGMDEUM,,,,11516
04/30/1962,TDGMDEUM,,,,11544.75
05/31/1962,TDGMDEUM,,,,11701.25
06/30/1962,TDGMDEUM,,,,11804.5
07/31/1962,TDGMDEUM,,,,11927
08/31/1962,TDGMDEUM,,,,12045
09/30/1962,TDGMDEUM,,,,12096.75
10/31/1962,TDGMDEUM,,,,12168
11/30/1962,TDGMDEUM,,,,12320.5
12/31/1962,TDGMDEUM,,,,12375
01/31/1963,TDGMDEUM,,,,12362.5
02/28/1963,TDGMDEUM,,,,12285.5
03/31/1963,TDGMDEUM,,,,12407.25
04/30/1963,TDGMDEUM,,,,12571.25
05/31/1963,TDGMDEUM,,,,12640.5
06/30/1963,TDGMDEUM,,,,12673.5
07/31/1963,TDGMDEUM,,,,12791
08/31/1963,TDGMDEUM,,,,12859.75
09/30/1963,TDGMDEUM,,,,13010
10/31/1963,TDGMDEUM,,,,13104.5
11/30/1963,TDGMDEUM,,,,13090.5
12/31/1963,TDGMDEUM,,,,13069.5
01/31/1964,TDGMDEUM,,,,13210.5
02/29/1964,TDGMDEUM,,,,13332
03/31/1964,TDGMDEUM,,,,13323.75
04/30/1964,TDGMDEUM,,,,13449.5
05/31/1964,TDGMDEUM,,,,13386.75
06/30/1964,TDGMDEUM,,,,13552
07/31/1964,TDGMDEUM,,,,13695
08/31/1964,TDGMDEUM,,,,13780.75
09/30/1964,TDGMDEUM,,,,13905
10/31/1964,TDGMDEUM,,,,14109.25
11/30/1964,TDGMDEUM,,,,14380.25
12/31/1964,TDGMDEUM,,,,14709.75
01/31/1965,TDGMDEUM,,,,14963.75
02/28/1965,TDGMDEUM,,,,15152
03/31/1965,TDGMDEUM,,,,15485.5
04/30/1965,TDGMDEUM,,,,15650.75
05/31/1965,TDGMDEUM,,,,16032.5
06/30/1965,TDGMDEUM,,,,16283.5
07/31/1965,TDGMDEUM,,,,16481.75
08/31/1965,TDGMDEUM,,,,16716
09/30/1965,TDGMDEUM,,,,17012.5
10/31/1965,TDGMDEUM,,,,17209
11/30/1965,TDGMDEUM,,,,17425.75
12/31/1965,TDGMDEUM,,,,17612
01/31/1966,TDGMDEUM,,,,17726.75
02/28/1966,TDGMDEUM,,,,17877
03/31/1966,TDGMDEUM,,,,18070
04/30/1966,TDGMDEUM,,,,18150.25
05/31/1966,TDGMDEUM,,,,18212.75
06/30/1966,TDGMDEUM,,,,18272.5
07/31/1966,TDGMDEUM,,,,18240.75
08/31/1966,TDGMDEUM,,,,18314.25
09/30/1966,TDGMDEUM,,,,18254
10/31/1966,TDGMDEUM,,,,18295
11/30/1966,TDGMDEUM,,,,18240
12/31/1966,TDGMDEUM,,,,18167.25
01/31/1967,TDGMDEUM,,,,18113.75
02/28/1967,TDGMDEUM,,,,17993
03/31/1967,TDGMDEUM,,,,17751
04/30/1967,TDGMDEUM,,,,17680.5
05/31/1967,TDGMDEUM,,,,17542.25
06/30/1967,TDGMDEUM,,,,17554.5
07/31/1967,TDGMDEUM,,,,17478.25
08/30/1967,TDGMDEUM,,,,17438
09/30/1967,TDGMDEUM,,,,17369.75
10/31/1967,TDGMDEUM,,,,17341.5
11/30/1967,TDGMDEUM,,,,17425.25
12/31/1967,TDGMDEUM,,,,17545.5
01/31/1968,TDGMDEUM,,,,17705.5
02/29/1968,TDGMDEUM,,,,17967
03/31/1968,TDGMDEUM,,,,18182.5
04/30/1968,TDGMDEUM,,,,18427.5
05/31/1968,TDGMDEUM,,,,18714.5
06/30/1968,TDGMDEUM,,,,18671.25
07/31/1968,TDGMDEUM,,,,19104.75
08/30/1968,TDGMDEUM,,,,19313.75
09/30/1968,TDGMDEUM,,,,19577.5
10/31/1968,TDGMDEUM,,,,19957.5
11/30/1968,TDGMDEUM,,,,20143.75
12/31/1968,TDGMDEUM,,,,20295
01/31/1969,TDGMDEUM,,,,20683.75
02/28/1969,TDGMDEUM,,,,20859.5
03/31/1969,TDGMDEUM,,,,21256
04/30/1969,TDGMDEUM,,,,21683.25
05/31/1969,TDGMDEUM,,,,22017
06/30/1969,TDGMDEUM,,,,22547.75
07/31/1969,TDGMDEUM,,,,22859
08/31/1969,TDGMDEUM,,,,23109
09/30/1969,TDGMDEUM,,,,23559
10/31/1969,TDGMDEUM,,,,23980
11/30/1969,TDGMDEUM,,,,24408.1
12/31/1969,TDGMDEUM,,,,24875.73
01/31/1970,TDGMDEUM,,,,25284.23
02/28/1970,TDGMDEUM,,,,25783.84
03/31/1970,TDGMDEUM,,,,26203.66
04/30/1970,TDGMDEUM,,,,26760.91
05/31/1970,TDGMDEUM,,,,27088.55
06/30/1970,TDGMDEUM,,,,27658.46
07/31/1970,TDGMDEUM,,,,28051.01
08/31/1970,TDGMDEUM,,,,28388.65
09/30/1970,TDGMDEUM,,,,28777
10/31/1970,TDGMDEUM,,,,29085.8
11/30/1970,TDGMDEUM,,,,29519.4
12/31/1970,TDGMDEUM,,,,29947.27
01/31/1971,TDGMDEUM,,,,29974.32
02/28/1971,TDGMDEUM,,,,30433.07
03/31/1971,TDGMDEUM,,,,30964.21
04/30/1971,TDGMDEUM,,,,31132.51
05/31/1971,TDGMDEUM,,,,31513.65
06/30/1971,TDGMDEUM,,,,31903.98
07/31/1971,TDGMDEUM,,,,32355.13
08/31/1971,TDGMDEUM,,,,32782.21
09/30/1971,TDGMDEUM,,,,33175.6
10/31/1971,TDGMDEUM,,,,33579.01
11/30/1971,TDGMDEUM,,,,33953.77
12/31/1971,TDGMDEUM,,,,34293.21
01/31/1972,TDGMDEUM,,,,34800
02/29/1972,TDGMDEUM,,,,35308.22
03/31/1972,TDGMDEUM,,,,35848.82
04/30/1972,TDGMDEUM,,,,36298.78
05/31/1972,TDGMDEUM,,,,37080.39
06/30/1972,TDGMDEUM,,,,37607.98
07/31/1972,TDGMDEUM,,,,37788.5
08/31/1972,TDGMDEUM,,,,38307.32
09/30/1972,TDGMDEUM,,,,38684.11
10/31/1972,TDGMDEUM,,,,39269.82
11/30/1972,TDGMDEUM,,,,39875.44
12/31/1972,TDGMDEUM,,,,40378.42
01/31/1973,TDGMDEUM,,,,41155.79
02/28/1973,TDGMDEUM,,,,41896.18
03/31/1973,TDGMDEUM,,,,42717.8
04/30/1973,TDGMDEUM,,,,43555.52
05/31/1973,TDGMDEUM,,,,44712.24
06/30/1973,TDGMDEUM,,,,45843.06
07/31/1973,TDGMDEUM,,,,47634.03
08/31/1973,TDGMDEUM,,,,48938.57
09/30/1973,TDGMDEUM,,,,50244.47
10/31/1973,TDGMDEUM,,,,52350.77
11/30/1973,TDGMDEUM,,,,53902.26
12/31/1973,TDGMDEUM,,,,54890.71
01/31/1974,TDGMDEUM,,,,56194.99
02/28/1974,TDGMDEUM,,,,56831.09
03/31/1974,TDGMDEUM,,,,58219.33
04/30/1974,TDGMDEUM,,,,59981.22
05/31/1974,TDGMDEUM,,,,61851.11
06/30/1974,TDGMDEUM,,,,62866.52
07/31/1974,TDGMDEUM,,,,64154.39
08/31/1974,TDGMDEUM,,,,65451.7
09/30/1974,TDGMDEUM,,,,66399.3
10/31/1974,TDGMDEUM,,,,67079.75
11/30/1974,TDGMDEUM,,,,68141.75
12/31/1974,TDGMDEUM,,,,69661.33
01/31/1975,TDGMDEUM,,,,70525.26
02/28/1975,TDGMDEUM,,,,72086.84
03/31/1975,TDGMDEUM,,,,72412.94
04/30/1975,TDGMDEUM,,,,73669.35
05/31/1975,TDGMDEUM,,,,73190.69
06/30/1975,TDGMDEUM,,,,74094.38
07/31/1975,TDGMDEUM,,,,74064.51
08/31/1975,TDGMDEUM,,,,73641.11
09/30/1975,TDGMDEUM,,,,74096.08
10/31/1975,TDGMDEUM,,,,74464.26
11/30/1975,TDGMDEUM,,,,74369.17
12/31/1975,TDGMDEUM,,,,74930.5
01/31/1976,TDGMDEUM,,,,75247.36
02/29/1976,TDGMDEUM,,,,75761.76
03/31/1976,TDGMDEUM,,,,77096.25
04/30/1976,TDGMDEUM,,,,77333.25
05/31/1976,TDGMDEUM,,,,78331.71
06/30/1976,TDGMDEUM,,,,78972.2
07/31/1976,TDGMDEUM,,,,80050.28
08/30/1976,TDGMDEUM,,,,81872.06
09/30/1976,TDGMDEUM,,,,83269.32
10/31/1976,TDGMDEUM,,,,84390.78
11/30/1976,TDGMDEUM,,,,86209.65
12/31/1976,TDGMDEUM,,,,88420.98
01/31/1977,TDGMDEUM,,,,89725.75
02/28/1977,TDGMDEUM,,,,90690.32
03/31/1977,TDGMDEUM,,,,92322.44
04/30/1977,TDGMDEUM,,,,92975.4
05/31/1977,TDGMDEUM,,,,94027.65
06/30/1977,TDGMDEUM,,,,95487.22
07/31/1977,TDGMDEUM,,,,96694.95
08/31/1977,TDGMDEUM,,,,97493.04
09/30/1977,TDGMDEUM,,,,98509.42
10/31/1977,TDGMDEUM,,,,99304.29
11/30/1977,TDGMDEUM,,,,100426.49
12/31/1977,TDGMDEUM,,,,101458.44
01/31/1978,TDGMDEUM,,,,103155.33
02/28/1978,TDGMDEUM,,,,104575.31
03/31/1978,TDGMDEUM,,,,105536.48
04/30/1978,TDGMDEUM,,,,107669.29
05/31/1978,TDGMDEUM,,,,108785.11
06/30/1978,TDGMDEUM,,,,110494.15
07/31/1978,TDGMDEUM,,,,111558.99
08/31/1978,TDGMDEUM,,,,113040.55
09/30/1978,TDGMDEUM,,,,114831.31
10/31/1978,TDGMDEUM,,,,117943.53
11/30/1978,TDGMDEUM,,,,120350.88
12/31/1978,TDGMDEUM,,,,121754.42
01/31/1979,TDGMDEUM,,,,123994.98
02/28/1979,TDGMDEUM,,,,126197.08
03/31/1979,TDGMDEUM,,,,129405.08
04/30/1979,TDGMDEUM,,,,131206.48
05/31/1979,TDGMDEUM,,,,135079.41
06/30/1979,TDGMDEUM,,,,137453.81
07/31/1979,TDGMDEUM,,,,142084.02
08/31/1979,TDGMDEUM,,,,145621.7
09/30/1979,TDGMDEUM,,,,148380.2
10/31/1979,TDGMDEUM,,,,152255.3
11/30/1979,TDGMDEUM,,,,156068.6
12/31/1979,TDGMDEUM,,,,159646.2
01/31/1980,TDGMDEUM,,,,164286.9
02/29/1980,TDGMDEUM,,,,169747.5
03/31/1980,TDGMDEUM,,,,172368.4
04/30/1980,TDGMDEUM,,,,175939.8
05/31/1980,TDGMDEUM,,,,178805
06/30/1980,TDGMDEUM,,,,182004.6
07/31/1980,TDGMDEUM,,,,184508.6
08/31/1980,TDGMDEUM,,,,185151.5
09/30/1980,TDGMDEUM,,,,187770
10/31/1980,TDGMDEUM,,,,188518
11/30/1980,TDGMDEUM,,,,188004.4
12/31/1980,TDGMDEUM,,,,188001.7
01/31/1981,TDGMDEUM,,,,186014.6
02/28/1981,TDGMDEUM,,,,182996.4
03/31/1981,TDGMDEUM,,,,183243.4
04/30/1981,TDGMDEUM,,,,181750.9
05/31/1981,TDGMDEUM,,,,178738.3
06/30/1981,TDGMDEUM,,,,175663.3
07/31/1981,TDGMDEUM,,,,172314.1
08/31/1981,TDGMDEUM,,,,169976.6
09/30/1981,TDGMDEUM,,,,167518.2
10/31/1981,TDGMDEUM,,,,165445.4
11/30/1981,TDGMDEUM,,,,165129.1
12/31/1981,TDGMDEUM,,,,163941.3
01/31/1982,TDGMDEUM,,,,163113.4
02/28/1982,TDGMDEUM,,,,162476.1
03/31/1982,TDGMDEUM,,,,161248.5
04/30/1982,TDGMDEUM,,,,161026.3
05/31/1982,TDGMDEUM,,,,161319.3
06/30/1982,TDGMDEUM,,,,161360.8
07/31/1982,TDGMDEUM,,,,160481.6
08/31/1982,TDGMDEUM,,,,160503
09/30/1982,TDGMDEUM,,,,159760.2
10/31/1982,TDGMDEUM,,,,157948.5
11/30/1982,TDGMDEUM,,,,155893.7
12/31/1982,TDGMDEUM,,,,155322.6
01/31/1983,TDGMDEUM,,,,154516.7
02/28/1983,TDGMDEUM,,,,153614.6
03/31/1983,TDGMDEUM,,,,153133.2
04/30/1983,TDGMDEUM,,,,152106.6
05/31/1983,TDGMDEUM,,,,151769
06/30/1983,TDGMDEUM,,,,151760
07/31/1983,TDGMDEUM,,,,151271.3
08/31/1983,TDGMDEUM,,,,151159.7
09/30/1983,TDGMDEUM,,,,151595.6
10/31/1983,TDGMDEUM,,,,151831.4
11/30/1983,TDGMDEUM,,,,152582.6
12/31/1983,TDGMDEUM,,,,152876.6
01/31/1984,TDGMDEUM,,,,152806.2
02/29/1984,TDGMDEUM,,,,154107.3
03/31/1984,TDGMDEUM,,,,154292.4
04/30/1984,TDGMDEUM,,,,155032.4
05/31/1984,TDGMDEUM,,,,155455.6
06/30/1984,TDGMDEUM,,,,155010.7
07/31/1984,TDGMDEUM,,,,155835.1
08/31/1984,TDGMDEUM,,,,156485.1
09/30/1984,TDGMDEUM,,,,155330.1
10/31/1984,TDGMDEUM,,,,155217.5
11/30/1984,TDGMDEUM,,,,154747.3
12/31/1984,TDGMDEUM,,,,153021.8
01/31/1985,TDGMDEUM,,,,153169.3
02/28/1985,TDGMDEUM,,,,151339.5
03/31/1985,TDGMDEUM,,,,149621.6
04/30/1985,TDGMDEUM,,,,148931.3
05/31/1985,TDGMDEUM,,,,148259.9
06/30/1985,TDGMDEUM,,,,147731.4
07/31/1985,TDGMDEUM,,,,149015.7
08/31/1985,TDGMDEUM,,,,149948.7
09/30/1985,TDGMDEUM,,,,151134.5
10/31/1985,TDGMDEUM,,,,153760.7
11/30/1985,TDGMDEUM,,,,155386.3
12/31/1985,TDGMDEUM,,,,158487.7
01/31/1986,TDGMDEUM,,,,161032.6
02/28/1986,TDGMDEUM,,,,164775.4
03/31/1986,TDGMDEUM,,,,167509.7
04/30/1986,TDGMDEUM,,,,172232.8
05/31/1986,TDGMDEUM,,,,174154.7
06/30/1986,TDGMDEUM,,,,177623.4
07/31/1986,TDGMDEUM,,,,179539.9
08/31/1986,TDGMDEUM,,,,180334.9
09/30/1986,TDGMDEUM,,,,184180.9
10/31/1986,TDGMDEUM,,,,187553.5
11/30/1986,TDGMDEUM,,,,189001.5
12/31/1986,TDGMDEUM,,,,190871.8
01/31/1987,TDGMDEUM,,,,192216.8
02/28/1987,TDGMDEUM,,,,194464.4
03/31/1987,TDGMDEUM,,,,199023.6
04/30/1987,TDGMDEUM,,,,200948.6
05/31/1987,TDGMDEUM,,,,204705.8
06/30/1987,TDGMDEUM,,,,207862.4
07/31/1987,TDGMDEUM,,,,211136.4
08/31/1987,TDGMDEUM,,,,213509.1
09/30/1987,TDGMDEUM,,,,215732.8
10/31/1987,TDGMDEUM,,,,218471.3
11/30/1987,TDGMDEUM,,,,223325.7
12/31/1987,TDGMDEUM,,,,228440.6
01/31/1988,TDGMDEUM,,,,228886.2
02/29/1988,TDGMDEUM,,,,231155
03/31/1988,TDGMDEUM,,,,235732.1
04/30/1988,TDGMDEUM,,,,236487.4
05/31/1988,TDGMDEUM,,,,240145.6
06/30/1988,TDGMDEUM,,,,242120.1
07/31/1988,TDGMDEUM,,,,242370
08/31/1988,TDGMDEUM,,,,244939.2
09/30/1988,TDGMDEUM,,,,245433
10/31/1988,TDGMDEUM,,,,247357.6
11/30/1988,TDGMDEUM,,,,248488.5
12/31/1988,TDGMDEUM,,,,250467.1
01/31/1989,TDGMDEUM,,,,254732.8
02/28/1989,TDGMDEUM,,,,256079.3
03/31/1989,TDGMDEUM,,,,254035.1
04/30/1989,TDGMDEUM,,,,257120.7
05/31/1989,TDGMDEUM,,,,255855.5
06/30/1989,TDGMDEUM,,,,258983.1
07/31/1989,TDGMDEUM,,,,261116.7
08/31/1989,TDGMDEUM,,,,262631.7
09/30/1989,TDGMDEUM,,,,263977.1
10/31/1989,TDGMDEUM,,,,266309.7
11/30/1989,TDGMDEUM,,,,268808.7
12/31/1989,TDGMDEUM,,,,269701.9
01/31/1990,TDGMDEUM,,,,274084.6
02/28/1990,TDGMDEUM,,,,277585.3
03/31/1990,TDGMDEUM,,,,282810.6
04/30/1990,TDGMDEUM,,,,286059.5
05/31/1990,TDGMDEUM,,,,291650
06/30/1990,TDGMDEUM,,,,293136.6
07/31/1990,TDGMDEUM,,,,299872.1
08/31/1990,TDGMDEUM,,,,308153.4
09/30/1990,TDGMDEUM,,,,315723.8
10/31/1990,TDGMDEUM,,,,325481.7
11/30/1990,TDGMDEUM,,,,338166.1
12/31/1990,TDGMDEUM,,,,346153.1
01/31/1991,TDGMDEUM,,,,360391.76
02/28/1991,TDGMDEUM,,,,373243.41
03/31/1991,TDGMDEUM,,,,380498.82
04/30/1991,TDGMDEUM,,,,388133.43
05/31/1991,TDGMDEUM,,,,396391.01
06/30/1991,TDGMDEUM,,,,403970.73
07/31/1991,TDGMDEUM,,,,410173.17
08/31/1991,TDGMDEUM,,,,414745.94
09/30/1991,TDGMDEUM,,,,418435.07
10/31/1991,TDGMDEUM,,,,417264.47
11/30/1991,TDGMDEUM,,,,415440.01
12/31/1991,TDGMDEUM,,,,415735.35
01/31/1992,TDGMDEUM,,,,413289.76
02/28/1992,TDGMDEUM,,,,407928.71
02/29/1992,TDGMDEUM,,,,409119.33
03/31/1992,TDGMDEUM,,,,411780.86
04/30/1992,TDGMDEUM,,,,414408.73
05/31/1992,TDGMDEUM,,,,415214.29
06/30/1992,TDGMDEUM,,,,414847.72
07/31/1992,TDGMDEUM,,,,423373.6
08/31/1992,TDGMDEUM,,,,426189.5
09/30/1992,TDGMDEUM,,,,427640.1
10/31/1992,TDGMDEUM,,,,428704.36
11/30/1992,TDGMDEUM,,,,428980.24
12/31/1992,TDGMDEUM,,,,425773.3
01/31/1993,TDGMDEUM,,,,421183.74
02/28/1993,TDGMDEUM,,,,415516
03/31/1993,TDGMDEUM,,,,408565.13
04/30/1993,TDGMDEUM,,,,402190.22
05/31/1993,TDGMDEUM,,,,397212.1
06/30/1993,TDGMDEUM,,,,392110.94
07/31/1993,TDGMDEUM,,,,378076.81
08/31/1993,TDGMDEUM,,,,371819.58
09/30/1993,TDGMDEUM,,,,364847.87
10/31/1993,TDGMDEUM,,,,356048.97
11/30/1993,TDGMDEUM,,,,351097.37
12/31/1993,TDGMDEUM,,,,345261.91
01/31/1994,TDGMDEUM,,,,343899.31
02/28/1994,TDGMDEUM,,,,341789.45
03/31/1994,TDGMDEUM,,,,344052.26
04/30/1994,TDGMDEUM,,,,342145.4
05/31/1994,TDGMDEUM,,,,345281.12
06/30/1994,TDGMDEUM,,,,347958.92
07/31/1994,TDGMDEUM,,,,352448.32
08/31/1994,TDGMDEUM,,,,357432.96
09/30/1994,TDGMDEUM,,,,362180.09
10/31/1994,TDGMDEUM,,,,367264.91
11/30/1994,TDGMDEUM,,,,372799
12/31/1994,TDGMDEUM,,,,380291.44
01/31/1995,TDGMDEUM,,,,387054.26
02/28/1995,TDGMDEUM,,,,395265.04
03/31/1995,TDGMDEUM,,,,404105.74
04/30/1995,TDGMDEUM,,,,411318.9
05/31/1995,TDGMDEUM,,,,418270.53
06/30/1995,TDGMDEUM,,,,425737.52
07/31/1995,TDGMDEUM,,,,431301.27
08/31/1995,TDGMDEUM,,,,435199.04
09/30/1995,TDGMDEUM,,,,439132.12
10/31/1995,TDGMDEUM,,,,443922.4
11/30/1995,TDGMDEUM,,,,448374.57
12/31/1995,TDGMDEUM,,,,450541.68
01/31/1996,TDGMDEUM,,,,456929.01
02/28/1996,TDGMDEUM,,,,457339.2
02/29/1996,TDGMDEUM,,,,454611.33
03/31/1996,TDGMDEUM,,,,457090.61
04/30/1996,TDGMDEUM,,,,456588.75
05/31/1996,TDGMDEUM,,,,453798.15
06/30/1996,TDGMDEUM,,,,452824.57
07/31/1996,TDGMDEUM,,,,454022.25
08/30/1996,TDGMDEUM,,,,450929.65
08/31/1996,TDGMDEUM,,,,451491.96
09/30/1996,TDGMDEUM,,,,450802.27
10/31/1996,TDGMDEUM,,,,451525.97
11/30/1996,TDGMDEUM,,,,450468.1
12/31/1996,TDGMDEUM,,,,450986.15
01/31/1997,TDGMDEUM,,,,451069.6
02/28/1997,TDGMDEUM,,,,449917.48
03/31/1997,TDGMDEUM,,,,447088.17
04/30/1997,TDGMDEUM,,,,447944.75
05/31/1997,TDGMDEUM,,,,448487.02
06/30/1997,TDGMDEUM,,,,447461.33
07/31/1997,TDGMDEUM,,,,450726.92
08/31/1997,TDGMDEUM,,,,448223.42
09/30/1997,TDGMDEUM,,,,448067.22
10/31/1997,TDGMDEUM,,,,447708.19
11/30/1997,TDGMDEUM,,,,447293.45
12/31/1997,TDGMDEUM,,,,446566.71
01/31/1998,TDGMDEUM,,,,446569.11
02/28/1998,TDGMDEUM,,,,447223.64
03/31/1998,TDGMDEUM,,,,450037.53
04/30/1998,TDGMDEUM,,,,453060.02
05/31/1998,TDGMDEUM,,,,452638.58
06/30/1998,TDGMDEUM,,,,455097.47
07/31/1998,TDGMDEUM,,,,457476.44
08/31/1998,TDGMDEUM,,,,459934.07
09/30/1998,TDGMDEUM,,,,462561.26
10/30/1998,TDGMDEUM,,,,468677.77
10/31/1998,TDGMDEUM,,,,471918.25
11/30/1998,TDGMDEUM,,,,473454.36
12/31/1998,TDGMDEUM,,,,477565.17
01/29/1999,TDGMDEUM,,,,476231.04
01/31/1999,TDGMDEUM,,,,475411.53
02/26/1999,TDGMDEUM,,,,472868.66
02/28/1999,TDGMDEUM,,,,475847.76
03/31/1999,TDGMDEUM,,,,476189.69
04/30/1999,TDGMDEUM,,,,474591.4
05/31/1999,TDGMDEUM,,,,475892.66
06/30/1999,TDGMDEUM,,,,475318.72
07/30/1999,TDGMDEUM,,,,469624.72
07/31/1999,TDGMDEUM,,,,467064.24
08/31/1999,TDGMDEUM,,,,469295.23
09/30/1999,TDGMDEUM,,,,467081.95
10/31/1999,TDGMDEUM,,,,469201.47
11/30/1999,TDGMDEUM,,,,472367.08
12/31/1999,TDGMDEUM,,,,474978.3
01/31/2000,TDGMDEUM,,,,475581.16
02/28/2000,TDGMDEUM,,,,475456.15
02/29/2000,TDGMDEUM,,,,477337.09
03/31/2000,TDGMDEUM,,,,481650.7
04/30/2000,TDGMDEUM,,,,479914.86
05/31/2000,TDGMDEUM,,,,484405.14
06/30/2000,TDGMDEUM,,,,486642.12
07/31/2000,TDGMDEUM,,,,487215.53
08/31/2000,TDGMDEUM,,,,489467.23
09/30/2000,TDGMDEUM,,,,490552.62
10/31/2000,TDGMDEUM,,,,490016.8
11/30/2000,TDGMDEUM,,,,491639.01
12/31/2000,TDGMDEUM,,,,495766.94
01/31/2001,TDGMDEUM,,,,499704.46
02/28/2001,TDGMDEUM,,,,502273.92
03/31/2001,TDGMDEUM,,,,500143.07
04/30/2001,TDGMDEUM,,,,504260.03
05/31/2001,TDGMDEUM,,,,501450.46
06/30/2001,TDGMDEUM,,,,499853.96
07/31/2001,TDGMDEUM,,,,498214.77
08/31/2001,TDGMDEUM,,,,496223.73
09/30/2001,TDGMDEUM,,,,496177.72
10/31/2001,TDGMDEUM,,,,496859.84
11/30/2001,TDGMDEUM,,,,494513.67
12/31/2001,TDGMDEUM,,,,486393.41
01/31/2002,TDGMDEUM,,,,477946.25
02/28/2002,TDGMDEUM,,,,472149.35
03/31/2002,TDGMDEUM,,,,467283.36
04/30/2002,TDGMDEUM,,,,466517.72
05/31/2002,TDGMDEUM,,,,462681.56
06/30/2002,TDGMDEUM,,,,466850.68
07/31/2002,TDGMDEUM,,,,469593.15
08/31/2002,TDGMDEUM,,,,471615.72
09/30/2002,TDGMDEUM,,,,475266.18
10/31/2002,TDGMDEUM,,,,478627.76
11/30/2002,TDGMDEUM,,,,482815.64
12/31/2002,TDGMDEUM,,,,490659.19
01/31/2003,TDGMDEUM,,,,502840.51
02/28/2003,TDGMDEUM,,,,513837.27
03/31/2003,TDGMDEUM,,,,526285.67
04/30/2003,TDGMDEUM,,,,534335.12
05/31/2003,TDGMDEUM,,,,548569.2
06/30/2003,TDGMDEUM,,,,556315.95
07/31/2003,TDGMDEUM,,,,564098.27
08/31/2003,TDGMDEUM,,,,568452.46
09/30/2003,TDGMDEUM,,,,575267.46
10/31/2003,TDGMDEUM,,,,583972.6
11/30/2003,TDGMDEUM,,,,593839.79
12/31/2003,TDGMDEUM,,,,604687.64
01/31/2004,TDGMDEUM,,,,612008.62
02/29/2004,TDGMDEUM,,,,621471.37
03/31/2004,TDGMDEUM,,,,630579.12
04/30/2004,TDGMDEUM,,,,638728.27
05/31/2004,TDGMDEUM,,,,643517.18
06/30/2004,TDGMDEUM,,,,650310.83
07/31/2004,TDGMDEUM,,,,659847.24
08/31/2004,TDGMDEUM,,,,671120.78
09/30/2004,TDGMDEUM,,,,681858.05
10/31/2004,TDGMDEUM,,,,690703.13
11/30/2004,TDGMDEUM,,,,704385.65
12/31/2004,TDGMDEUM,,,,715495.27
01/31/2005,TDGMDEUM,,,,723739.14
02/28/2005,TDGMDEUM,,,,728081.63
03/31/2005,TDGMDEUM,,,,733077.21
04/30/2005,TDGMDEUM,,,,743952.27
05/31/2005,TDGMDEUM,,,,754026.37
06/30/2005,TDGMDEUM,,,,759522.85
07/31/2005,TDGMDEUM,,,,761295.78
08/31/2005,TDGMDEUM,,,,769497.49
09/30/2005,TDGMDEUM,,,,774824.21
10/31/2005,TDGMDEUM,,,,778600.19
11/30/2005,TDGMDEUM,,,,776921.1
12/31/2005,TDGMDEUM,,,,779628.49
01/31/2006,TDGMDEUM,,,,785906.1
02/28/2006,TDGMDEUM,,,,794690.88
03/31/2006,TDGMDEUM,,,,804736.57
04/30/2006,TDGMDEUM,,,,809346.2
05/31/2006,TDGMDEUM,,,,821405.3
06/30/2006,TDGMDEUM,,,,835076.07
07/31/2006,TDGMDEUM,,,,850002.33
08/31/2006,TDGMDEUM,,,,861903.87
09/30/2006,TDGMDEUM,,,,875602.92
10/31/2006,TDGMDEUM,,,,890403.91
11/30/2006,TDGMDEUM,,,,907053.66
12/31/2006,TDGMDEUM,,,,921672.7
01/31/2007,TDGMDEUM,,,,933986.11
02/28/2007,TDGMDEUM,,,,949799.74
03/31/2007,TDGMDEUM,,,,960952.18
04/30/2007,TDGMDEUM,,,,974666.55
05/31/2007,TDGMDEUM,,,,981855.8
06/30/2007,TDGMDEUM,,,,991500.35
07/31/2007,TDGMDEUM,,,,1001616.51
08/31/2007,TDGMDEUM,,,,1013481.05
09/30/2007,TDGMDEUM,,,,1019180.82
10/31/2007,TDGMDEUM,,,,1032734.08
11/30/2007,TDGMDEUM,,,,1045776.13
12/31/2007,TDGMDEUM,,,,1055171.26
01/31/2008,TDGMDEUM,,,,1075008.6
02/29/2008,TDGMDEUM,,,,1091343.72
03/31/2008,TDGMDEUM,,,,1106244.54
04/30/2008,TDGMDEUM,,,,1130140.56
05/30/2008,TDGMDEUM,,,,1149348.27
05/31/2008,TDGMDEUM,,,,1166656.69
06/30/2008,TDGMDEUM,,,,1184485.71
07/31/2008,TDGMDEUM,,,,1206967.07
08/31/2008,TDGMDEUM,,,,1220824.41
09/30/2008,TDGMDEUM,,,,1226390.14
10/31/2008,TDGMDEUM,,,,1220417.45
11/30/2008,TDGMDEUM,,,,1208405.03
12/31/2008,TDGMDEUM,,,,1189332.5
01/31/2009,TDGMDEUM,,,,1165137.48
02/28/2009,TDGMDEUM,,,,1140011.12
03/31/2009,TDGMDEUM,,,,1103284.58
04/30/2009,TDGMDEUM,,,,1071292.28
05/31/2009,TDGMDEUM,,,,1037612.93
06/30/2009,TDGMDEUM,,,,1007037.99
07/31/2009,TDGMDEUM,,,,971265.69
08/31/2009,TDGMDEUM,,,,947345.93
09/30/2009,TDGMDEUM,,,,932373.26
10/31/2009,TDGMDEUM,,,,925436.29
11/30/2009,TDGMDEUM,,,,925532.08
12/31/2009,TDGMDEUM,,,,926644.66
01/31/2010,TDGMDEUM,,,,931414.41
02/28/2010,TDGMDEUM,,,,938716.68
03/31/2010,TDGMDEUM,,,,954678.25
04/30/2010,TDGMDEUM,,,,966500.8
05/31/2010,TDGMDEUM,,,,980423.91
06/30/2010,TDGMDEUM,,,,992813
07/31/2010,TDGMDEUM,,,,1002811.49
08/31/2010,TDGMDEUM,,,,1014011.03
09/30/2010,TDGMDEUM,,,,1018831.94
10/31/2010,TDGMDEUM,,,,1027829.89
11/30/2010,TDGMDEUM,,,,1044118.17
12/31/2010,TDGMDEUM,,,,1056285.09
01/31/2011,TDGMDEUM,,,,1071312.61
02/28/2011,TDGMDEUM,,,,1092809.55
03/31/2011,TDGMDEUM,,,,1109130.62
04/30/2011,TDGMDEUM,,,,1132459.47
05/31/2011,TDGMDEUM,,,,1160480.71
06/30/2011,TDGMDEUM,,,,1181669.76
07/31/2011,TDGMDEUM,,,,1201294.77
08/31/2011,TDGMDEUM,,,,1224165.18
09/30/2011,TDGMDEUM,,,,1240097.95
10/31/2011,TDGMDEUM,,,,1246905.34
11/30/2011,TDGMDEUM,,,,1252256.96
12/31/2011,TDGMDEUM,,,,1258198.89
01/31/2012,TDGMDEUM,,,,1258304.41
02/29/2012,TDGMDEUM,,,,1257950.91
03/31/2012,TDGMDEUM,,,,1253207.51
04/30/2012,TDGMDEUM,,,,1241810.36
05/31/2012,TDGMDEUM,,,,1228004.28
06/30/2012,TDGMDEUM,,,,1214744.96
07/31/2012,TDGMDEUM,,,,1200491.75
08/30/2012,TDGMDEUM,,,,1185248.3
08/31/2012,TDGMDEUM,,,,1174889.12
09/30/2012,TDGMDEUM,,,,1170371.32
10/31/2012,TDGMDEUM,,,,1165387.95
11/30/2012,TDGMDEUM,,,,1158606.77
12/31/2012,TDGMDEUM,,,,1153975.22
01/31/2013,TDGMDEUM,,,,1155730.32
02/28/2013,TDGMDEUM,,,,1151488.31
03/31/2013,TDGMDEUM,,,,1148107.58
04/30/2013,TDGMDEUM,,,,1148322.44
05/31/2013,TDGMDEUM,,,,1151014.31
06/30/2013,TDGMDEUM,,,,1156067.16
07/31/2013,TDGMDEUM,,,,1160326.35
08/31/2013,TDGMDEUM,,,,1165381.86
09/30/2013,TDGMDEUM,,,,1167974.95
10/31/2013,TDGMDEUM,,,,1172087.32
11/30/2013,TDGMDEUM,,,,1177117.7
12/31/2013,TDGMDEUM,,,,1183968.38
01/31/2014,TDGMDEUM,,,,1186306.18
02/28/2014,TDGMDEUM,,,,1193909.39
03/31/2014,TDGMDEUM,,,,1204759.47
04/30/2014,TDGMDEUM,,,,1210880.99
05/31/2014,TDGMDEUM,,,,1216559.54
06/30/2014,TDGMDEUM,,,,1221279.3
07/31/2014,TDGMDEUM,,,,1225220.56
08/31/2014,TDGMDEUM,,,,1223214.86
09/30/2014,TDGMDEUM,,,,1226961.83
10/31/2014,TDGMDEUM,,,,1221718.74
11/30/2014,TDGMDEUM,,,,1216165.25
12/31/2014,TDGMDEUM,,,,1210056.46
01/31/2015,TDGMDEUM,,,,1192052.64
02/28/2015,TDGMDEUM,,,,1175362.33
03/31/2015,TDGMDEUM,,,,1159781.62
04/30/2015,TDGMDEUM,,,,1140530.91
05/31/2015,TDGMDEUM,,,,1124830.36
06/30/2015,TDGMDEUM,,,,1112447.46
07/31/2015,TDGMDEUM,,,,1098725.23
08/31/2015,TDGMDEUM,,,,1086969.96
09/30/2015,TDGMDEUM,,,,1077716.04
10/31/2015,TDGMDEUM,,,,1070394.77
11/30/2015,TDGMDEUM,,,,1061712.8
12/31/2015,TDGMDEUM,,,,1054015.73
01/31/2016,TDGMDEUM,,,,1048483.15
02/29/2016,TDGMDEUM,,,,1050461.26
03/31/2016,TDGMDEUM,,,,1049292.46
04/30/2016,TDGMDEUM,,,,1053468.84
05/31/2016,TDGMDEUM,,,,1054720.62
06/30/2016,TDGMDEUM,,,,1055442.25
07/31/2016,TDGMDEUM,,,,1050059.32
08/31/2016,TDGMDEUM,,,,1054964.79
09/30/2016,TDGMDEUM,,,,1053234.96
10/31/2016,TDGMDEUM,,,,1050363.14
11/30/2016,TDGMDEUM,,,,1053823.1
12/31/2016,TDGMDEUM,,,,1057343.63
01/31/2017,TDGMDEUM,,,,1063466.77
02/28/2017,TDGMDEUM,,,,1062475.25
03/31/2017,TDGMDEUM,,,,1071231.06
04/30/2017,TDGMDEUM,,,,1070774.09
05/31/2017,TDGMDEUM,,,,1082588.22
06/30/2017,TDGMDEUM,,,,1086457.04
07/31/2017,TDGMDEUM,,,,1098318.32
08/31/2017,TDGMDEUM,,,,1110710.39
09/30/2017,TDGMDEUM,,,,1121518.84
10/31/2017,TDGMDEUM,,,,1134989.2
11/30/2017,TDGMDEUM,,,,1150330.1
12/31/2017,TDGMDEUM,,,,1166116.53
01/31/2018,TDGMDEUM,,,,1185576.69
02/28/2018,TDGMDEUM,,,,1204583.61
03/31/2018,TDGMDEUM,,,,1217215.11
04/30/2018,TDGMDEUM,,,,1239221.41
05/31/2018,TDGMDEUM,,,,1246850.45
06/30/2018,TDGMDEUM,,,,1261456.5
07/31/2018,TDGMDEUM,,,,1275060.58
08/31/2018,TDGMDEUM,,,,1278792.98
09/30/2018,TDGMDEUM,,,,1282871.28
10/31/2018,TDGMDEUM,,,,1291026.6
11/30/2018,TDGMDEUM,,,,1291174
12/31/2018,TDGMDEUM,,,,1286665.2
01/31/2019,TDGMDEUM,,,,1283254.1
02/28/2019,TDGMDEUM,,,,1280011.9
03/31/2019,TDGMDEUM,,,,1276212.1
04/30/2019,TDGMDEUM,,,,1269451.3
05/31/2019,TDGMDEUM,,,,1268897.2
06/30/2019,TDGMDEUM,,,,1262104.2
07/31/2019,TDGMDEUM,,,,1256817.3
08/31/2019,TDGMDEUM,,,,1249904.6
09/30/2019,TDGMDEUM,,,,1246495.4
10/31/2019,TDGMDEUM,,,,1242052.4
11/30/2019,TDGMDEUM,,,,1237228.4
12/31/2019,TDGMDEUM,,,,1236370.3
01/31/2020,TDGMDEUM,,,,1231616.6
02/29/2020,TDGMDEUM,,,,1225141.31
03/31/2020,TDGMDEUM,,,,1218641.7
04/30/2020,TDGMDEUM,,,,1193572.94
05/31/2020,TDGMDEUM,,,,1168244.75
06/30/2020,TDGMDEUM,,,,1158096.67
07/31/2020,TDGMDEUM,,,,1148240.15
08/31/2020,TDGMDEUM,,,,1147673.77
09/30/2020,TDGMDEUM,,,,1150716.07
10/31/2020,TDGMDEUM,,,,1150641.57
11/30/2020,TDGMDEUM,,,,1158061.47
12/31/2020,TDGMDEUM,,,,1206462.87
01/31/2021,TDGMDEUM,,,,1242697.37
